"No.","Time","Source","Destination","Protocol","Length","Value","Info"
"231","13:39:22.440943","localhost ()","JMZengge_0c:dc:48 (LEDnetWF02001D0CDC48)","ATT","170","001a80000096970b59000000000000000000000000000000000000000000000000000000â\200\246","Sent Write Request, Handle: 0x0017 (Unknown)"
"234","13:39:22.554804","localhost ()","JMZengge_0c:dc:48 (LEDnetWF02001D0CDC48)","ATT","170","001b80000096970b59d40000000000000000000000000000000000000000000000000000â\200\246","Sent Write Request, Handle: 0x0017 (Unknown)"
"253","13:39:23.746943","localhost ()","JMZengge_0c:dc:48 (LEDnetWF02001D0CDC48)","ATT","170","001c80000096970b59000000000000000000000000000000000000000000000000000000â\200\246","Sent Write Request, Handle: 0x0017 (Unknown)"
"256","13:39:23.917109","localhost ()","JMZengge_0c:dc:48 (LEDnetWF02001D0CDC48)","ATT","170","001d80000096970b59d40000000000000000000000000000000000000000000000000000â\200\246","Sent Write Request, Handle: 0x0017 (Unknown)"
"259","13:39:25.102076","localhost ()","JMZengge_0c:dc:48 (LEDnetWF02001D0CDC48)","ATT","170","001e80000096970b59000000000000000000000000000000000000000000000000000000â\200\246","Sent Write Request, Handle: 0x0017 (Unknown)"
"262","13:39:25.267817","localhost ()","JMZengge_0c:dc:48 (LEDnetWF02001D0CDC48)","ATT","170","001f80000096970b59d40000000000000000000000000000000000000000000000000000â\200\246","Sent Write Request, Handle: 0x0017 (Unknown)"
"266","13:39:27.425928","localhost ()","JMZengge_0c:dc:48 (LEDnetWF02001D0CDC48)","ATT","170","002080000096970b59000000000000000000000000000000000000000000000000000000â\200\246","Sent Write Request, Handle: 0x0017 (Unknown)"
"269","13:39:27.582850","localhost ()","JMZengge_0c:dc:48 (LEDnetWF02001D0CDC48)","ATT","170","002180000096970b59d40000000000000000000000000000000000000000000000000000â\200\246","Sent Write Request, Handle: 0x0017 (Unknown)"
"282","13:39:28.513880","localhost ()","JMZengge_0c:dc:48 (LEDnetWF02001D0CDC48)","ATT","170","002280000096970b59000000000000000000000000000000000000000000000000000000â\200\246","Sent Write Request, Handle: 0x0017 (Unknown)"
"286","13:39:28.627955","localhost ()","JMZengge_0c:dc:48 (LEDnetWF02001D0CDC48)","ATT","170","002380000096970b59d40000000000000000000000000000000000000000000000000000â\200\246","Sent Write Request, Handle: 0x0017 (Unknown)"
"291","13:39:32.583308","localhost ()","JMZengge_0c:dc:48 (LEDnetWF02001D0CDC48)","ATT","170","002480000096970b59000000000000000000000000000000000000000000000000000000â\200\246","Sent Write Request, Handle: 0x0017 (Unknown)"
"294","13:39:32.707331","localhost ()","JMZengge_0c:dc:48 (LEDnetWF02001D0CDC48)","ATT","170","002580000096970b59d40000000000000000000000000000000000000000000000000000â\200\246","Sent Write Request, Handle: 0x0017 (Unknown)"
"302","13:39:33.576044","localhost ()","JMZengge_0c:dc:48 (LEDnetWF02001D0CDC48)","ATT","170","002680000096970b59000000000000000000000000000000000000000000000000000000â\200\246","Sent Write Request, Handle: 0x0017 (Unknown)"
"307","13:39:33.727442","localhost ()","JMZengge_0c:dc:48 (LEDnetWF02001D0CDC48)","ATT","170","002780000096970b59d40000000000000000000000000000000000000000000000000000â\200\246","Sent Write Request, Handle: 0x0017 (Unknown)"
"310","13:39:34.529688","localhost ()","JMZengge_0c:dc:48 (LEDnetWF02001D0CDC48)","ATT","170","002880000096970b59000000000000000000000000000000000000000000000000000000â\200\246","Sent Write Request, Handle: 0x0017 (Unknown)"
"313","13:39:34.687525","localhost ()","JMZengge_0c:dc:48 (LEDnetWF02001D0CDC48)","ATT","170","002980000096970b59d40000000000000000000000000000000000000000000000000000â\200\246","Sent Write Request, Handle: 0x0017 (Unknown)"
"316","13:39:35.419032","localhost ()","JMZengge_0c:dc:48 (LEDnetWF02001D0CDC48)","ATT","170","002a80000096970b59000000000000000000000000000000000000000000000000000000â\200\246","Sent Write Request, Handle: 0x0017 (Unknown)"
"319","13:39:35.588007","localhost ()","JMZengge_0c:dc:48 (LEDnetWF02001D0CDC48)","ATT","170","002b80000096970b59d40000000000000000000000000000000000000000000000000000â\200\246","Sent Write Request, Handle: 0x0017 (Unknown)"
"322","13:39:36.362299","localhost ()","JMZengge_0c:dc:48 (LEDnetWF02001D0CDC48)","ATT","170","002c80000096970b59000000000000000000000000000000000000000000000000000000â\200\246","Sent Write Request, Handle: 0x0017 (Unknown)"
"325","13:39:36.517420","localhost ()","JMZengge_0c:dc:48 (LEDnetWF02001D0CDC48)","ATT","170","002d80000096970b59d40000000000000000000000000000000000000000000000000000â\200\246","Sent Write Request, Handle: 0x0017 (Unknown)"
"332","13:39:40.325556","localhost ()","JMZengge_0c:dc:48 (LEDnetWF02001D0CDC48)","ATT","170","002e80000096970b59000000000000000000000000000000000000000000000000000000â\200\246","Sent Write Request, Handle: 0x0017 (Unknown)"
"335","13:39:40.490778","localhost ()","JMZengge_0c:dc:48 (LEDnetWF02001D0CDC48)","ATT","170","002f80000096970b59d40000000000000000000000000000000000000000000000000000â\200\246","Sent Write Request, Handle: 0x0017 (Unknown)"
"341","13:39:41.792658","localhost ()","JMZengge_0c:dc:48 (LEDnetWF02001D0CDC48)","ATT","170","003080000096970b59000000000000000000000000000000000000000000000000000000â\200\246","Sent Write Request, Handle: 0x0017 (Unknown)"
"344","13:39:41.924616","localhost ()","JMZengge_0c:dc:48 (LEDnetWF02001D0CDC48)","ATT","170","003180000096970b59d40000000000000000000000000000000000000000000000000000â\200\246","Sent Write Request, Handle: 0x0017 (Unknown)"
"347","13:39:43.061671","localhost ()","JMZengge_0c:dc:48 (LEDnetWF02001D0CDC48)","ATT","170","003280000096970b59000000000000000000000000000000000000000000000000000000â\200\246","Sent Write Request, Handle: 0x0017 (Unknown)"
"350","13:39:43.211512","localhost ()","JMZengge_0c:dc:48 (LEDnetWF02001D0CDC48)","ATT","170","003380000096970b59d40000000000000000000000000000000000000000000000000000â\200\246","Sent Write Request, Handle: 0x0017 (Unknown)"
"356","13:39:44.285059","localhost ()","JMZengge_0c:dc:48 (LEDnetWF02001D0CDC48)","ATT","170","003480000096970b59000000000000000000000000000000000000000000000000000000â\200\246","Sent Write Request, Handle: 0x0017 (Unknown)"
"359","13:39:44.440638","localhost ()","JMZengge_0c:dc:48 (LEDnetWF02001D0CDC48)","ATT","170","003580000096970b59d40000000000000000000000000000000000000000000000000000â\200\246","Sent Write Request, Handle: 0x0017 (Unknown)"
"362","13:39:45.300715","localhost ()","JMZengge_0c:dc:48 (LEDnetWF02001D0CDC48)","ATT","170","003680000096970b59000000000000000000000000000000000000000000000000000000â\200\246","Sent Write Request, Handle: 0x0017 (Unknown)"
"365","13:39:45.443293","localhost ()","JMZengge_0c:dc:48 (LEDnetWF02001D0CDC48)","ATT","170","003780000096970b59d40000000000000000000000000000000000000000000000000000â\200\246","Sent Write Request, Handle: 0x0017 (Unknown)"
"370","13:39:50.712672","localhost ()","JMZengge_0c:dc:48 (LEDnetWF02001D0CDC48)","ATT","170","003880000096970b59000000000000000000000000000000000000000000000000000000â\200\246","Sent Write Request, Handle: 0x0017 (Unknown)"
"399","13:39:56.212519","localhost ()","JMZengge_0c:dc:48 (LEDnetWF02001D0CDC48)","ATT","170","003980000096970b59000000000000000000000000000000000000000000000000000000â\200\246","Sent Write Request, Handle: 0x0017 (Unknown)"
"444","13:40:04.932978","localhost ()","JMZengge_0c:dc:48 (LEDnetWF02001D0CDC48)","ATT","170","003a80000096970b59000000000000000000000000000000000000000000000000000000â\200\246","Sent Write Request, Handle: 0x0017 (Unknown)"
"460","13:40:11.031428","localhost ()","JMZengge_0c:dc:48 (LEDnetWF02001D0CDC48)","ATT","170","003b80000096970b59000000000000000000000000000000000000000000000000000000â\200\246","Sent Write Request, Handle: 0x0017 (Unknown)"
"485","13:40:16.498316","localhost ()","JMZengge_0c:dc:48 (LEDnetWF02001D0CDC48)","ATT","170","003c80000096970b59000000000000000000000000000000000000000000000000000000â\200\246","Sent Write Request, Handle: 0x0017 (Unknown)"
"496","13:40:22.486201","localhost ()","JMZengge_0c:dc:48 (LEDnetWF02001D0CDC48)","ATT","170","003d80000096970b59000000000000000000000000000000000000000000000000000000â\200\246","Sent Write Request, Handle: 0x0017 (Unknown)"
"510","13:40:25.363367","localhost ()","JMZengge_0c:dc:48 (LEDnetWF02001D0CDC48)","ATT","170","003e80000096970b59000000000000000000000000000000000000000000000000000000â\200\246","Sent Write Request, Handle: 0x0017 (Unknown)"
"516","13:40:28.184107","localhost ()","JMZengge_0c:dc:48 (LEDnetWF02001D0CDC48)","ATT","170","003f80000096970b59000000000000000000000000000000000000000000000000000000â\200\246","Sent Write Request, Handle: 0x0017 (Unknown)"
"531","13:40:31.579401","localhost ()","JMZengge_0c:dc:48 (LEDnetWF02001D0CDC48)","ATT","170","004080000096970b59000000000000000000000000000000000000000000000000000000â\200\246","Sent Write Request, Handle: 0x0017 (Unknown)"
"542","13:40:33.956782","localhost ()","JMZengge_0c:dc:48 (LEDnetWF02001D0CDC48)","ATT","170","004180000096970b59000000000000000000000000000000000000000000000000000000â\200\246","Sent Write Request, Handle: 0x0017 (Unknown)"
"549","13:40:40.074458","localhost ()","JMZengge_0c:dc:48 (LEDnetWF02001D0CDC48)","ATT","170","004280000096970b59000000000000000000000000000000000000000000000000000000â\200\246","Sent Write Request, Handle: 0x0017 (Unknown)"
"552","13:40:40.218592","localhost ()","JMZengge_0c:dc:48 (LEDnetWF02001D0CDC48)","ATT","170","004380000096970b59d40000000000000000000000000000000000000000000000000000â\200\246","Sent Write Request, Handle: 0x0017 (Unknown)"
"555","13:40:40.875025","localhost ()","JMZengge_0c:dc:48 (LEDnetWF02001D0CDC48)","ATT","170","004480000096970b59000000000000000000000000000000000000000000000000000000â\200\246","Sent Write Request, Handle: 0x0017 (Unknown)"
"561","13:40:41.082087","localhost ()","JMZengge_0c:dc:48 (LEDnetWF02001D0CDC48)","ATT","170","004580000096970b59d40000000000000000000000000000000000000000000000000000â\200\246","Sent Write Request, Handle: 0x0017 (Unknown)"
"565","13:40:41.657282","localhost ()","JMZengge_0c:dc:48 (LEDnetWF02001D0CDC48)","ATT","170","004680000096970b59000000000000000000000000000000000000000000000000000000â\200\246","Sent Write Request, Handle: 0x0017 (Unknown)"
"568","13:40:41.810694","localhost ()","JMZengge_0c:dc:48 (LEDnetWF02001D0CDC48)","ATT","170","004780000096970b59d40000000000000000000000000000000000000000000000000000â\200\246","Sent Write Request, Handle: 0x0017 (Unknown)"
"571","13:40:42.392847","localhost ()","JMZengge_0c:dc:48 (LEDnetWF02001D0CDC48)","ATT","170","004880000096970b59000000000000000000000000000000000000000000000000000000â\200\246","Sent Write Request, Handle: 0x0017 (Unknown)"
"574","13:40:42.493647","localhost ()","JMZengge_0c:dc:48 (LEDnetWF02001D0CDC48)","ATT","170","004980000096970b59d40000000000000000000000000000000000000000000000000000â\200\246","Sent Write Request, Handle: 0x0017 (Unknown)"
"577","13:40:43.037348","localhost ()","JMZengge_0c:dc:48 (LEDnetWF02001D0CDC48)","ATT","170","004a80000096970b59000000000000000000000000000000000000000000000000000000â\200\246","Sent Write Request, Handle: 0x0017 (Unknown)"
"580","13:40:43.246272","localhost ()","JMZengge_0c:dc:48 (LEDnetWF02001D0CDC48)","ATT","170","004b80000096970b59d40000000000000000000000000000000000000000000000000000â\200\246","Sent Write Request, Handle: 0x0017 (Unknown)"
